y_true,pred_rf_naive,pred_rf_seasonal,pred_rf_cyclical,pred_rf_seasonal_cyclical,pred_rf_temporal,pred_ORT_naive,pred_ORT_seasonal,pred_ORT_temporal,pred_ORT_cyclical,pred_ORT_seasonal_cyclical
Fitted RandomForestRegressor,121314.46566226958,120433.2062959756,119071.81167684641,118766.43306544883,114178.41551178053,113461.95272727273,116434.51387931034,113281.63774193548,116382.41826086957,117305.58122448981
Fitted RandomForestRegressor,118464.51654955783,117465.5580072349,117056.28182403698,117410.5705794477,111421.15337604762,118553.69836607145,117787.29157407406,113281.63774193548,118075.63653761064,118023.6421656051
Fitted RandomForestRegressor,113428.43113309894,113827.43199672623,113537.41621598862,113310.42369340907,110725.12771960231,118553.69836607145,117787.29157407406,113281.63774193548,118075.63653761064,117485.70647286819
Fitted RandomForestRegressor,113596.4025137467,113389.19551042168,112923.716505541,113179.66439591836,110300.5654891692,118553.69836607145,117787.29157407406,113281.63774193548,118075.63653761064,117485.70647286819
Fitted RandomForestRegressor,97876.5771314052,98697.7286729977,98785.83673206363,98475.10372380316,98810.10539683049,101087.08575471699,99640.38614457831,103122.90554945054,99545.23262886598,99308.98813829786
Fitted RandomForestRegressor,106821.59341748297,100033.23848923761,97999.08969099235,98398.87506059173,95510.18915222769,105077.6931553398,99640.38614457831,96891.51676923077,99545.23262886598,99308.98813829786
Fitted RandomForestRegressor,123269.37666682573,117405.70325104731,120231.75363780923,118295.99530032555,109255.52186073012,113461.95272727273,116434.51387931034,113281.63774193548,116382.41826086957,117305.58122448981
Fitted RandomForestRegressor,117443.6621879345,109404.16116390875,111095.42138654854,111104.1158416176,107978.93923963653,118553.69836607145,117787.29157407406,113281.63774193548,118075.63653761064,117485.70647286819
Fitted RandomForestRegressor,121703.186782728,116713.05090264611,117368.13946786977,117505.99593042496,109147.61334226784,118553.69836607145,117787.29157407406,113281.63774193548,118075.63653761064,117485.70647286819
Fitted RandomForestRegressor,121746.20890886582,116946.89119327955,117237.20281255567,117658.27518829009,109935.12931135151,118553.69836607145,117787.29157407406,113281.63774193548,118075.63653761064,118023.6421656051
Fitted RandomForestRegressor,121564.0374005464,116324.60901151565,116774.9669366435,116840.16202386841,110344.84199335212,118553.69836607145,117337.57774336282,113281.63774193548,118075.63653761064,117485.70647286819
Fitted RandomForestRegressor,98870.66260715754,98979.39393617141,98516.31279335343,98843.86607348282,98615.06119080429,101087.08575471699,99640.38614457831,103122.90554945054,99545.23262886598,99308.98813829786
Fitted RandomForestRegressor,101365.99733849065,100000.03013439718,101302.71463947995,100697.42214756386,92577.54754511469,101087.08575471699,102246.16544444444,96891.51676923077,105277.04051470588,105943.7078125
Fitted RandomForestRegressor,141028.16012695822,140467.32537224633,139751.6014013546,139651.99505917012,127574.08400511215,138937.9959722222,131738.82441860464,136593.43172413792,139809.18604166663,139311.04892307695
Fitted RandomForestRegressor,121109.29348399928,117652.43015058864,117434.42408281213,117790.43254541999,114897.72982941497,113461.95272727273,117337.57774336282,113281.63774193548,116382.41826086957,117485.70647286819
Fitted RandomForestRegressor,117667.90130193067,115491.90853204153,114626.83555848233,115507.89817253436,108933.37938145705,118553.69836607145,117337.57774336282,113281.63774193548,116382.41826086957,117485.70647286819
Fitted RandomForestRegressor,120307.68001812551,117005.21368540943,116878.99994240879,117537.75576453203,108874.90188561981,118553.69836607145,117337.57774336282,113281.63774193548,116382.41826086957,117485.70647286819
Fitted RandomForestRegressor,116788.80729738376,115475.75317653999,113937.31532702311,115120.34991195925,109000.0778062057,118553.69836607145,117787.29157407406,113281.63774193548,118075.63653761064,117485.70647286819
Fitted RandomForestRegressor,103047.53054804448,99833.28875110771,98944.93814401202,98463.24984257547,99022.43692242945,105077.6931553398,102246.16544444444,103122.90554945054,99545.23262886598,100528.67309523809
Fitted RandomForestRegressor,99104.88148796148,98192.99818555206,96602.25877219887,97438.27823187118,95649.67027283976,101087.08575471699,102246.16544444444,96891.51676923077,99545.23262886598,100528.67309523809
Fitted RandomForestRegressor,113596.4025137467,113267.25382204159,112626.41427648319,113021.37210900882,110148.93004646647,118553.69836607145,117787.29157407406,113281.63774193548,118075.63653761064,117485.70647286819
Fitted RandomForestRegressor,115308.2887995328,114647.17592705316,114717.67358478982,114827.47474372602,112093.30441354883,118553.69836607145,117787.29157407406,113281.63774193548,118075.63653761064,118023.6421656051
Fitted RandomForestRegressor,138981.27737343905,138576.31969045245,139677.39721641762,138418.2313698796,136558.27305541438,138937.9959722222,131738.82441860464,136593.43172413792,139809.18604166663,139311.04892307695
Fitted RandomForestRegressor,114864.80260917869,114637.45063882021,115979.4051205015,114781.25092219865,124296.95779329067,118553.69836607145,119455.5630952381,120061.59880392154,118075.63653761064,117485.70647286819
Fitted RandomForestRegressor,139361.0563858411,139334.75712993104,139358.96866876262,141128.17287668205,148030.67110671586,125197.58185714285,131738.82441860464,153065.95304347825,154793.15529411763,160973.786875
Fitted RandomForestRegressor,102003.36042336952,99414.27248922587,100709.01155124926,99106.25206803823,113008.17025157226,101087.08575471699,104721.92142857143,108857.14577464788,99545.23262886598,100528.67309523809
Fitted RandomForestRegressor,101073.67024629671,98043.19565882746,96558.61320099467,97497.84300648958,98249.15871606654,101087.08575471699,99640.38614457831,96891.51676923077,99545.23262886598,99308.98813829786
Fitted RandomForestRegressor,119362.02330294125,117537.13700380584,116553.66676040008,117269.74181058267,114277.09893079176,118553.69836607145,117787.29157407406,119654.77584210526,118075.63653761064,117485.70647286819
Fitted RandomForestRegressor,118616.879957717,117970.87742209379,116866.44146408812,117216.05763917607,114495.03498704419,118553.69836607145,117337.57774336282,120061.59880392154,118075.63653761064,118023.6421656051
Fitted RandomForestRegressor,99861.14856396154,99078.52843170984,99146.9662998485,98914.69691789949,101099.56887059071,101263.76353658538,100152.68104166667,101234.20548780488,100811.2855,103423.10285714285
Fitted RandomForestRegressor,100208.73473313809,100411.5022511329,99921.39697374849,99359.78082175726,101418.1449810693,101263.76353658538,100152.68104166667,101234.20548780488,100811.2855,99975.3837037037
Fitted RandomForestRegressor,119513.83796251679,119142.09939754517,115906.12210501924,117220.95387050643,110429.60553193232,118553.69836607145,117337.57774336282,113281.63774193548,118075.63653761064,118023.6421656051
Fitted RandomForestRegressor,103637.169896057,103924.51349389803,105427.98575062759,103866.5042154732,99148.05851915348,101087.08575471699,102246.16544444444,103122.90554945054,105277.04051470588,105943.7078125
Fitted RandomForestRegressor,118766.10336169013,115861.63459965686,116806.88622415224,116363.61517194957,113725.14329388492,115336.435,140935.32833333334,115240.894375,115756.55454545454,115481.82769230769
Fitted RandomForestRegressor,159910.3775962199,159728.11727312463,159374.95065499554,159376.1083019035,131983.95185578763,160084.971875,161572.365,136593.43172413792,154793.15529411763,160973.786875
Fitted RandomForestRegressor,119479.60793327868,118562.37242512923,118012.50933250105,118029.102237979,114653.92436727126,118553.69836607145,117337.57774336282,113281.63774193548,118075.63653761064,117485.70647286819
Fitted RandomForestRegressor,99030.43550844837,97263.25040763305,98859.55797528001,97812.84839616691,92947.64603051385,101263.76353658538,101339.05694444444,101234.20548780488,100811.2855,103423.10285714285
Fitted RandomForestRegressor,114943.63133427016,114908.50479798418,115460.75000569518,115003.3133185804,108395.32698660702,118553.69836607145,117787.29157407406,113281.63774193548,118075.63653761064,118023.6421656051
Fitted RandomForestRegressor,129081.17995437911,129540.3777621677,129379.03221178573,130305.37722600969,127984.3279099901,125197.58185714285,131738.82441860464,122128.065,139809.18604166663,125627.53145161291
Fitted RandomForestRegressor,110365.9400804495,110798.30342065441,111709.55360376184,111248.06675176394,105116.00628484772,106759.34975,104721.92142857143,103122.90554945054,105277.04051470588,105943.7078125
Fitted RandomForestRegressor,106322.31469436304,99893.68713101879,98407.00086732805,98948.63230718674,95219.3796732987,105077.6931553398,103162.49088235295,96891.51676923077,99545.23262886598,99308.98813829786
Fitted RandomForestRegressor,119131.7888253672,117923.32035891723,117771.0276255639,116217.13438077012,112105.33921840428,118553.69836607145,117787.29157407406,113281.63774193548,116382.41826086957,117485.70647286819
Fitted RandomForestRegressor,120449.6372360425,117505.25626245473,116324.63465470173,115396.58854521885,109517.66591062541,118553.69836607145,117787.29157407406,113281.63774193548,118075.63653761064,117485.70647286819
Fitted RandomForestRegressor,125011.34580931805,119463.58339826089,118864.91808092254,118710.3027833019,108433.05571753686,118553.69836607145,129198.71151898731,113281.63774193548,118075.63653761064,129851.90721518986
Fitted RandomForestRegressor,132529.22748227048,135807.86097777452,135317.32849936577,136098.30468838837,123671.87880720166,138937.9959722222,129198.71151898731,113281.63774193548,135516.07292682928,139311.04892307695
Fitted RandomForestRegressor,137767.13824676097,142095.26045491546,144302.5690673202,141535.88732509408,132371.29251849678,133962.4815,140935.32833333334,136593.43172413792,135516.07292682928,139311.04892307695
Fitted RandomForestRegressor,97576.1883753575,101008.94785125759,101220.74971607688,101082.73918153279,105126.22304364142,101087.08575471699,102246.16544444444,108857.14577464788,99545.23262886598,99308.98813829786
Fitted RandomForestRegressor,98689.44899030618,98744.06280965047,97085.52799035503,97576.08843546126,94267.42128219784,101087.08575471699,102246.16544444444,96891.51676923077,99545.23262886598,100528.67309523809
Fitted RandomForestRegressor,120993.21583296738,120758.2877636657,121038.71778419353,120909.53964125765,120932.90532472167,125197.58185714285,117787.29157407406,122128.065,123882.76150000001,125627.53145161291
Fitted RandomForestRegressor,135380.55460798313,137961.98044685624,139079.6056454464,137965.62819900757,131316.33073987448,138937.9959722222,131738.82441860464,136593.43172413792,135516.07292682928,139311.04892307695
Fitted RandomForestRegressor,149991.7511913315,149249.3998039421,149481.51960635197,149288.99788163963,149467.37903227273,144973.165,140935.32833333334,136593.43172413792,139809.18604166663,139311.04892307695
Fitted RandomForestRegressor,121063.1853246535,118276.09256011914,116473.39825436939,117825.91902487987,120190.98902132214,118553.69836607145,117337.57774336282,120061.59880392154,118075.63653761064,117485.70647286819
Fitted RandomForestRegressor,121473.6461490761,119260.83041191642,118214.83453912646,119175.61586398537,114566.69136114632,118553.69836607145,117337.57774336282,120061.59880392154,118075.63653761064,118023.6421656051
Fitted RandomForestRegressor,101580.09811557138,102465.35228108375,104342.00875858586,103424.42413981454,103087.37049950664,101087.08575471699,102246.16544444444,103122.90554945054,105277.04051470588,105943.7078125
Fitted RandomForestRegressor,103880.4561343969,101726.878925454,101727.87871115959,102553.58589390585,102573.61971688014,106759.34975,104721.92142857143,103122.90554945054,105277.04051470588,105943.7078125
Fitted RandomForestRegressor,127018.45913240718,125998.56659913258,124345.69899094559,125096.97189393199,118025.40475665977,120569.71586956522,119455.5630952381,120061.59880392154,134783.19557142857,117485.70647286819
Fitted RandomForestRegressor,120884.21196941026,119678.44974873759,117792.30687681155,118754.03226193976,116469.03417475085,118553.69836607145,117337.57774336282,120061.59880392154,118075.63653761064,117485.70647286819
Fitted RandomForestRegressor,126991.25488166008,125761.71670664061,125863.81575918794,125195.6072233952,122294.76784610524,125197.58185714285,131738.82441860464,113281.63774193548,123882.76150000001,125627.53145161291
Fitted RandomForestRegressor,117632.49045525532,118821.9866329887,116453.24834522273,116396.24769166298,116622.68222403903,118553.69836607145,117787.29157407406,113281.63774193548,118075.63653761064,117485.70647286819
Fitted RandomForestRegressor,121533.23267688841,119403.84576496723,118032.91283669048,118520.41753270464,113158.48369407095,118553.69836607145,117787.29157407406,113281.63774193548,118075.63653761064,118023.6421656051
Fitted RandomForestRegressor,98712.0966774253,104372.34638339236,102790.72949057572,102898.6753994248,100354.76451323571,101087.08575471699,103162.49088235295,103122.90554945054,103209.69968749999,99308.98813829786
Fitted RandomForestRegressor,101274.65175024173,100953.820233886,99422.39763220632,100264.08373518898,98819.59025138136,101087.08575471699,100152.68104166667,96891.51676923077,105277.04051470588,100528.67309523809
Fitted RandomForestRegressor,99964.47312838562,100665.03070063464,98939.49096611861,100057.77201356865,99123.04313516474,101263.76353658538,101339.05694444444,101234.20548780488,100811.2855,99975.3837037037
Fitted RandomForestRegressor,114638.23690130547,114763.71856802035,115659.73538261619,114926.59369880107,109635.83936073146,118553.69836607145,117337.57774336282,113281.63774193548,118075.63653761064,118023.6421656051
Fitted RandomForestRegressor,127325.1486652953,126198.49506345652,127048.45772591911,126222.91104544977,120938.97496354888,125197.58185714285,131738.82441860464,113281.63774193548,123882.76150000001,125627.53145161291
Fitted RandomForestRegressor,157250.29487413974,156784.7094024731,157534.3950128466,156870.2588667291,153155.46569916361,138937.9959722222,131738.82441860464,136593.43172413792,154793.15529411763,160973.786875
Fitted RandomForestRegressor,160302.25235479133,159823.065793958,160547.82652832888,159968.6187471416,156970.1275911014,160084.971875,161572.365,153065.95304347825,154793.15529411763,160973.786875
Fitted RandomForestRegressor,118017.95722609015,119808.94630056637,119062.93778108586,119842.67783085648,119933.13073597476,116236.23210526316,115558.3405882353,116125.00093750001,116653.7721875,112845.98636363636
Fitted RandomForestRegressor,99125.82104692477,101704.24891519811,101248.03997120951,101108.06872069697,114128.22037910027,101087.08575471699,102246.16544444444,116125.00093750001,105277.04051470588,105943.7078125
Fitted RandomForestRegressor,115543.85480461849,120968.24709463451,121453.96711437132,121216.8607160304,117679.76386944267,118553.69836607145,117337.57774336282,119654.77584210526,116382.41826086957,117485.70647286819
Fitted RandomForestRegressor,114872.37667273432,121221.65007155918,121967.73158806104,121844.68309553243,115897.42064540177,118553.69836607145,117787.29157407406,119654.77584210526,118075.63653761064,117485.70647286819
Fitted RandomForestRegressor,119759.6656220748,122657.7634843294,123718.19071599926,122967.51584938954,115778.76763436828,118553.69836607145,117787.29157407406,119654.77584210526,118075.63653761064,117485.70647286819
Fitted RandomForestRegressor,121688.47322105136,122884.92739470884,123915.39782048458,123537.57060776539,115978.64679219306,118553.69836607145,117337.57774336282,119654.77584210526,118075.63653761064,118023.6421656051
Fitted RandomForestRegressor,124977.68624352218,123151.18196601652,126028.86998714074,124693.33469043378,117799.57845871597,118553.69836607145,117337.57774336282,120061.59880392154,118075.63653761064,117485.70647286819
Fitted RandomForestRegressor,109407.22498097901,108266.59000167856,109390.72233065579,109326.33096124511,106470.2909759538,106759.34975,104721.92142857143,108857.14577464788,105277.04051470588,105943.7078125
Fitted RandomForestRegressor,119137.0909067324,119441.9008046839,118745.84881004966,118945.39062127464,102383.05110350589,116236.23210526316,115558.3405882353,103122.90554945054,116653.7721875,120897.81999999998
Fitted RandomForestRegressor,135492.95609373366,135746.6019312583,134347.34641504398,134696.38441315462,114670.33124733366,133962.4815,129198.71151898731,120061.59880392154,118075.63653761064,129851.90721518986
Fitted RandomForestRegressor,130663.79943374496,133270.30416031968,133692.77199219432,132800.36460072763,118371.30756321138,133962.4815,129198.71151898731,120061.59880392154,134783.19557142857,129851.90721518986
Fitted RandomForestRegressor,135509.01635642332,138273.90914381362,137025.58905283493,139697.16334528785,126162.64639119712,133962.4815,129198.71151898731,120061.59880392154,134783.19557142857,129851.90721518986
Fitted RandomForestRegressor,133112.6650706715,135206.08107485014,135114.40686127762,136165.46589916607,134332.49892029588,133962.4815,129198.71151898731,135738.99144736843,135516.07292682928,139311.04892307695
Fitted RandomForestRegressor,135873.70802168676,137972.6249161783,138088.72411181984,137972.3931081578,140652.6395466422,133962.4815,140935.32833333334,135738.99144736843,135516.07292682928,139311.04892307695
Fitted RandomForestRegressor,112971.85591363753,113333.26505166314,112693.61663585555,113386.40203539967,113056.11099929472,116236.23210526316,115558.3405882353,108857.14577464788,99545.23262886598,112845.98636363636
Fitted RandomForestRegressor,104344.80592731584,102589.90857926216,104371.67533310351,102420.474385763,102150.2602869094,101087.08575471699,104721.92142857143,103122.90554945054,105277.04051470588,105943.7078125
Fitted RandomForestRegressor,117722.16190787719,116057.96377745549,117258.9115636885,116092.70138129884,116105.96199894964,118553.69836607145,117337.57774336282,119654.77584210526,118075.63653761064,118023.6421656051
Fitted RandomForestRegressor,119668.64875730845,116559.31998953583,117825.2407723823,117330.20886972648,119977.18900411109,118553.69836607145,119455.5630952381,119654.77584210526,118075.63653761064,117485.70647286819
Fitted RandomForestRegressor,121604.1570884604,122609.39463254559,123398.14938107989,123082.47026657374,118445.00343073248,118553.69836607145,117337.57774336282,119654.77584210526,118075.63653761064,117485.70647286819
Fitted RandomForestRegressor,117650.5204428533,116686.28776838385,117214.20848634555,116754.17893512873,114680.29999915896,118553.69836607145,117337.57774336282,120061.59880392154,116382.41826086957,117485.70647286819
Fitted RandomForestRegressor,121372.74445542465,122685.95661283552,123313.24608061436,122856.7030735836,114330.00795303921,118553.69836607145,117337.57774336282,113281.63774193548,118075.63653761064,117485.70647286819
Fitted RandomForestRegressor,101235.86795620482,103150.80416467768,101457.78219537865,101834.85020909719,99487.64025009572,101087.08575471699,103162.49088235295,103122.90554945054,99545.23262886598,99308.98813829786
Fitted RandomForestRegressor,117233.43310138349,116726.08057185967,118243.23544265871,117008.14622296239,100838.71669236988,115336.435,115415.66916666666,96891.51676923077,115756.55454545454,99308.98813829786
Fitted RandomForestRegressor,120842.71192895813,118330.84651734628,118233.5792140029,117429.0975357469,115367.07030498808,118553.69836607145,119455.5630952381,113281.63774193548,118075.63653761064,129851.90721518986
Fitted RandomForestRegressor,131208.46092423014,130931.49238886451,132182.40184163852,130515.12975727615,122305.38439439113,133962.4815,129198.71151898731,113281.63774193548,135516.07292682928,139311.04892307695
Fitted RandomForestRegressor,121620.63873361297,122985.7243510015,125030.81904197596,123741.40750507105,115201.00957288191,118553.69836607145,117337.57774336282,113281.63774193548,118075.63653761064,117485.70647286819
Fitted RandomForestRegressor,122793.38280313375,122910.75090495562,123410.30552263586,123249.87068446,112223.81385787253,118553.69836607145,117787.29157407406,113281.63774193548,118075.63653761064,117485.70647286819
Fitted RandomForestRegressor,121517.7812745871,122763.19871525593,123242.59599260305,122941.12232151508,111939.55677619495,118553.69836607145,117787.29157407406,113281.63774193548,118075.63653761064,117485.70647286819
Fitted RandomForestRegressor,99011.82848719608,102846.34342004234,99928.75809579981,100196.90707748335,99457.8715104003,101087.08575471699,102246.16544444444,103122.90554945054,105277.04051470588,100528.67309523809
Fitted RandomForestRegressor,108373.08548402113,111622.38205690749,110128.69967735175,110178.84103821663,99289.76163142796,115336.435,115415.66916666666,96891.51676923077,103209.69968749999,106256.10533980581
Fitted RandomForestRegressor,121119.06302085075,122184.94630655945,122597.42089421295,122613.03747258296,109873.1856030057,118553.69836607145,117337.57774336282,113281.63774193548,116382.41826086957,117485.70647286819
Fitted RandomForestRegressor,121886.6336707107,122322.97702431872,123147.93051128127,123275.71280966327,110684.40113355366,118553.69836607145,117337.57774336282,113281.63774193548,118075.63653761064,117485.70647286819
Fitted RandomForestRegressor,120922.42233478693,118678.95684719716,117662.14915397111,117319.65955658139,110654.98604908389,118553.69836607145,117337.57774336282,113281.63774193548,118075.63653761064,117485.70647286819
Fitted RandomForestRegressor,118782.90096175298,117444.38734084975,118028.64535190127,117114.07841121504,112925.73389372992,118553.69836607145,117337.57774336282,113281.63774193548,118075.63653761064,117485.70647286819
Fitted RandomForestRegressor,121777.59229225459,122484.71467130737,123825.79813965864,122893.01233170819,112912.32851975242,118553.69836607145,117337.57774336282,113281.63774193548,116382.41826086957,117485.70647286819
Fitted RandomForestRegressor,102142.32216160293,105204.6109712602,105689.29585209028,106369.6561722909,100113.16393038777,101087.08575471699,102246.16544444444,103122.90554945054,99545.23262886598,100528.67309523809
Fitted RandomForestRegressor,100712.14581138676,103250.90402036438,104731.60309458323,104512.93614076212,95066.22469487714,101087.08575471699,102246.16544444444,96891.51676923077,105277.04051470588,100528.67309523809
Fitted RandomForestRegressor,104304.29377295816,104433.71164339849,104473.05821819515,104330.2182098338,94413.84541097042,101263.76353658538,101339.05694444444,101234.20548780488,100811.2855,99975.3837037037
Fitted RandomForestRegressor,121363.68494725585,123033.05833979149,123666.45177085593,123440.49327938631,108714.557821262,118553.69836607145,117787.29157407406,113281.63774193548,118075.63653761064,117485.70647286819
Fitted RandomForestRegressor,123865.9995512895,125121.18413631651,125613.88748718426,125112.81440176324,112744.80065116518,118553.69836607145,117787.29157407406,113281.63774193548,118075.63653761064,118023.6421656051
Fitted RandomForestRegressor,127893.9891001251,127070.14787636438,128410.01002700026,128129.99526863411,115300.32304033448,118553.69836607145,117337.57774336282,113281.63774193548,118075.63653761064,129851.90721518986
Fitted RandomForestRegressor,129865.92714038558,132189.19334178595,132118.69537467818,132813.34948920453,113571.49932229755,133962.4815,129198.71151898731,113281.63774193548,134783.19557142857,129851.90721518986
Fitted RandomForestRegressor,105006.55186091026,104264.95217963507,105441.94393995852,105476.0076761383,99936.97040203187,105077.6931553398,103162.49088235295,103122.90554945054,99545.23262886598,106256.10533980581
Fitted RandomForestRegressor,106715.54556314561,103337.7042241243,103781.43738745993,104370.29516019412,94394.32335605606,105077.6931553398,103162.49088235295,96891.51676923077,99545.23262886598,106256.10533980581
Fitted RandomForestRegressor,121813.5076888807,123343.83222228142,123649.59707360108,123855.96656194596,111096.3858192951,118553.69836607145,117787.29157407406,113281.63774193548,118075.63653761064,118023.6421656051
Fitted RandomForestRegressor,122555.75617854513,124736.45787873134,125631.69813866456,124425.90794167676,112817.98253507982,118553.69836607145,117787.29157407406,113281.63774193548,118075.63653761064,118023.6421656051
Fitted RandomForestRegressor,128375.38533800853,130186.74449556698,130656.96290456619,131053.32048329554,115487.002322323,118553.69836607145,129198.71151898731,113281.63774193548,118075.63653761064,129851.90721518986
Fitted RandomForestRegressor,131574.89676185927,132863.0956075106,134965.52353670172,133366.07705737735,120648.2387206504,133962.4815,129198.71151898731,113281.63774193548,134783.19557142857,129851.90721518986
Fitted RandomForestRegressor,123031.56705989181,123248.79954816241,124679.16318083536,124098.21049319585,118142.38086372375,118553.69836607145,117337.57774336282,113281.63774193548,118075.63653761064,117485.70647286819
Fitted RandomForestRegressor,103638.72615787383,104906.37549866665,105465.91208800342,106045.66667226981,100460.5477427386,105077.6931553398,102246.16544444444,103122.90554945054,99545.23262886598,100528.67309523809
Fitted RandomForestRegressor,103083.65018991719,104007.80133802831,105179.99691444117,104710.57148423298,101001.34369990388,101087.08575471699,103162.49088235295,103122.90554945054,99545.23262886598,106256.10533980581
Fitted RandomForestRegressor,123591.33929824112,123281.3299846056,123112.20154131403,123579.5497956141,114169.50059585318,127372.1862643678,127871.99226950352,120061.59880392154,116382.41826086957,128336.34356589147
Fitted RandomForestRegressor,122949.55099080592,123294.419728095,123442.435132484,124073.07372754868,115223.68399791728,118553.69836607145,117787.29157407406,120061.59880392154,116382.41826086957,117485.70647286819
Fitted RandomForestRegressor,127418.27163238758,123221.97029770652,123433.73200788356,123675.45660253885,116446.44068433021,127372.1862643678,127871.99226950352,113281.63774193548,116382.41826086957,117485.70647286819
Fitted RandomForestRegressor,121813.77019739497,122914.07689086616,123626.71404615988,123248.05124606851,113024.1545216528,118553.69836607145,117337.57774336282,113281.63774193548,118075.63653761064,117485.70647286819
Fitted RandomForestRegressor,123007.0925969316,124266.76445816604,124726.60169788967,124170.42135846386,110211.16659711898,118553.69836607145,117337.57774336282,113281.63774193548,118075.63653761064,118023.6421656051
Fitted RandomForestRegressor,100932.70961200504,104140.74832997922,104680.71554598007,104228.25943103399,100273.22197544093,101087.08575471699,102246.16544444444,103122.90554945054,105277.04051470588,105943.7078125
Fitted RandomForestRegressor,101455.71701205407,102034.13553609455,101972.19416754361,100759.15502815455,96543.95999477223,105077.6931553398,102246.16544444444,96891.51676923077,105277.04051470588,105943.7078125
Fitted RandomForestRegressor,117512.80248395905,116986.28768563888,118193.33344380543,117376.14765933403,108675.66100098364,118553.69836607145,117337.57774336282,113281.63774193548,118075.63653761064,117485.70647286819
Fitted RandomForestRegressor,117827.44640457329,116964.26659772194,117677.45125348505,117407.8053965124,110384.9315584754,118553.69836607145,117787.29157407406,113281.63774193548,118075.63653761064,117485.70647286819
Fitted RandomForestRegressor,117170.06873010399,115778.02778114233,116884.22103779292,116353.86900813071,110385.67291746612,118553.69836607145,117787.29157407406,113281.63774193548,118075.63653761064,117485.70647286819
Fitted RandomForestRegressor,117875.76780613691,118024.16824011433,117847.18241195782,116878.41703276342,110371.06952895442,118553.69836607145,117787.29157407406,113281.63774193548,118075.63653761064,117485.70647286819
Fitted RandomForestRegressor,121969.80376798326,122445.18383912338,123644.79748531725,123098.15389028745,111562.4179616516,118553.69836607145,117337.57774336282,113281.63774193548,118075.63653761064,117485.70647286819
Fitted RandomForestRegressor,104134.42062230333,103380.84770939681,104976.4692990086,103283.35974790447,101064.79432259775,105077.6931553398,103162.49088235295,103122.90554945054,106548.40924242424,106256.10533980581
Fitted RandomForestRegressor,110162.93052219764,103017.05208272746,104295.50519162937,103437.22715908189,96587.43226391518,105077.6931553398,103162.49088235295,96891.51676923077,106548.40924242424,106256.10533980581
Fitted RandomForestRegressor,117506.63067997206,117223.47560537182,116929.30073947301,116196.28153382854,109869.17727007101,121292.64705882354,127871.99226950352,113281.63774193548,120965.89136363637,128336.34356589147
Fitted RandomForestRegressor,124036.47209965905,122530.5170690978,121945.08354202048,122973.8342113391,116468.46231340045,127372.1862643678,127871.99226950352,113281.63774193548,120965.89136363637,128336.34356589147
Fitted RandomForestRegressor,122659.46020221163,122744.46946528017,123458.1582751417,123263.88852696471,115579.95917823633,118553.69836607145,117787.29157407406,113281.63774193548,120965.89136363637,117485.70647286819
Fitted RandomForestRegressor,122489.80771788649,123211.07082246817,123907.18932453048,123741.22656616269,111225.01357832049,118553.69836607145,117787.29157407406,113281.63774193548,118075.63653761064,117485.70647286819
Fitted RandomForestRegressor,100242.2278692915,101346.63848196015,101886.97455309884,100903.41884582849,98629.61950733415,101263.76353658538,101339.05694444444,101234.20548780488,100811.2855,99975.3837037037
Fitted RandomForestRegressor,103687.81292670591,103439.21960680698,105465.949891089,102948.73080132117,93173.90123182707,115389.03381578947,103162.49088235295,96891.51676923077,106548.40924242424,106256.10533980581
Fitted RandomForestRegressor,112672.72104782092,102835.8434677873,106397.61646359447,102993.00194402447,93613.02926318829,115389.03381578947,103162.49088235295,96891.51676923077,106548.40924242424,106256.10533980581
Fitted RandomForestRegressor,101232.33728173876,100060.56923089258,101163.4695391067,99781.17080526167,100691.1794924628,101263.76353658538,101339.05694444444,101234.20548780488,101312.104,99975.3837037037
Fitted RandomForestRegressor,122924.52299471818,122919.36855836272,123695.7454586755,123578.79268716555,110740.35344325565,118553.69836607145,117787.29157407406,113281.63774193548,118075.63653761064,117485.70647286819
Fitted RandomForestRegressor,119691.2229620225,122562.86676739695,123317.17083269358,122783.37956381995,108455.48952906072,118553.69836607145,117337.57774336282,113281.63774193548,118075.63653761064,117485.70647286819
Fitted RandomForestRegressor,120462.91903025171,122468.59901175257,123340.89014635686,123061.16269969348,108542.0292849285,118553.69836607145,117337.57774336282,113281.63774193548,118075.63653761064,117485.70647286819
Fitted RandomForestRegressor,123833.61123965647,122750.25540205509,123440.48127419136,123129.72356310066,108451.35692719501,118553.69836607145,117787.29157407406,113281.63774193548,120965.89136363637,117485.70647286819
Fitted RandomForestRegressor,105200.96588668402,103886.46055750754,104091.7110792505,103977.15955208849,99736.86555729421,105077.6931553398,103162.49088235295,103122.90554945054,106548.40924242424,106256.10533980581
Fitted RandomForestRegressor,107128.24970989549,102626.58570322293,103171.31237257604,102540.23743035208,99525.01388200102,105077.6931553398,103162.49088235295,103122.90554945054,106548.40924242424,106256.10533980581
Fitted RandomForestRegressor,121957.11949253117,122439.0552289908,123388.25583263101,122863.82854468141,109076.37294587828,118553.69836607145,117787.29157407406,113281.63774193548,118075.63653761064,117485.70647286819
Fitted RandomForestRegressor,124682.20926526102,123606.87364871053,124568.68722536355,124015.20614822861,109170.97835867932,118553.69836607145,117787.29157407406,113281.63774193548,118075.63653761064,117485.70647286819
Fitted RandomForestRegressor,123248.27514783553,123293.561197625,123409.0580884837,123738.1720360098,109537.66088281991,118553.69836607145,117787.29157407406,113281.63774193548,120965.89136363637,117485.70647286819
Fitted RandomForestRegressor,123261.53177161669,122830.72894100472,124077.68771460262,123023.64937955733,111271.42229516014,118553.69836607145,117787.29157407406,113281.63774193548,118075.63653761064,117485.70647286819
Fitted RandomForestRegressor,118175.02111802838,122275.17605026305,122868.69325338921,122728.27315711408,108870.25840747131,118553.69836607145,117337.57774336282,113281.63774193548,118075.63653761064,117485.70647286819
Fitted RandomForestRegressor,103240.7324641222,103944.67278697142,103919.22845084652,103633.46794117216,99485.04575880105,105077.6931553398,103162.49088235295,103122.90554945054,106548.40924242424,106256.10533980581
Fitted RandomForestRegressor,102760.80446408542,101425.71987858627,101866.44047169201,101568.89806420323,94911.29829775915,105077.6931553398,102246.16544444444,96891.51676923077,106548.40924242424,100528.67309523809
Fitted RandomForestRegressor,124073.47714603595,123924.13186251989,124045.58044536393,124337.57728329982,108351.16219352018,118553.69836607145,117787.29157407406,113281.63774193548,120965.89136363637,117485.70647286819
Fitted RandomForestRegressor,127398.79109205343,123938.35404793338,125635.23878067691,123992.8045104879,111941.52555946534,118553.69836607145,117787.29157407406,113281.63774193548,120965.89136363637,117485.70647286819
Fitted RandomForestRegressor,123178.08267514153,122768.92749460512,123857.60790804896,123370.36059469708,111955.01077952377,118553.69836607145,117787.29157407406,113281.63774193548,118075.63653761064,117485.70647286819
Fitted RandomForestRegressor,131079.19125720998,127551.92153980075,128871.60863954213,128107.25843643476,117934.62372074912,127372.1862643678,127871.99226950352,113281.63774193548,120965.89136363637,128336.34356589147
Fitted RandomForestRegressor,138010.82305454253,132086.79343261453,136319.09773920666,132118.17996811416,121053.62860415645,137912.8589453125,127871.99226950352,120061.59880392154,137918.91401315795,128336.34356589147
Fitted RandomForestRegressor,117925.2536580095,109478.58029539729,118096.05034931817,109553.22786161824,114617.48322306536,120866.92017857142,109722.5969871795,121190.00714999999,120950.44321428571,112372.76615384615
Fitted RandomForestRegressor,116289.78474102668,107189.04034643319,110033.6789829848,107057.76812280314,107788.3549960217,115389.03381578947,109722.5969871795,111478.56068181817,106548.40924242424,112372.76615384615
Fitted RandomForestRegressor,133154.77164541784,130310.05974609959,132544.89778243928,129999.39239772488,126506.87104449615,133768.4245,127871.99226950352,120061.59880392154,137918.91401315795,128336.34356589147
Fitted RandomForestRegressor,124323.72198745761,123596.59178529642,123559.58062122665,124137.95727940822,124384.62534627115,118553.69836607145,117787.29157407406,129035.90548611109,118075.63653761064,117485.70647286819
Fitted RandomForestRegressor,122597.30386981409,122394.04223149671,123337.02912495963,122420.60269867688,119079.5978526625,118553.69836607145,117787.29157407406,120061.59880392154,118075.63653761064,117485.70647286819
Fitted RandomForestRegressor,122389.49855231993,122208.63629887877,122303.3459110169,122414.87186570867,117622.33210614386,118553.69836607145,117337.57774336282,120061.59880392154,118075.63653761064,117485.70647286819
Fitted RandomForestRegressor,122927.98350026266,122484.14019294696,123158.52242617475,122840.27911287684,116765.80010914331,118553.69836607145,117787.29157407406,120061.59880392154,118075.63653761064,117485.70647286819
Fitted RandomForestRegressor,113700.54002823317,107692.35005531412,117396.49648996031,107700.01313197568,106873.4954178151,115389.03381578947,109722.5969871795,111478.56068181817,120950.44321428571,112372.76615384615
Fitted RandomForestRegressor,116420.20033257084,108518.08335241364,112508.02314230327,108446.8889274536,108050.38271701342,120866.92017857142,109722.5969871795,111478.56068181817,106548.40924242424,112372.76615384615
Fitted RandomForestRegressor,130755.24052122692,125021.71459843795,128494.53063039959,125670.54217392957,116809.16462678104,133357.07871428574,127871.99226950352,113281.63774193548,130134.92354651165,128336.34356589147
Fitted RandomForestRegressor,131786.705562116,129745.01661949929,131347.0072871226,129808.67805519981,121985.12116531919,133768.4245,127871.99226950352,120061.59880392154,137918.91401315795,128336.34356589147
Fitted RandomForestRegressor,130700.99671013096,129989.16169748057,132318.04429209547,130658.74589539897,123399.6489619258,133768.4245,127871.99226950352,120061.59880392154,137918.91401315795,128336.34356589147
Fitted RandomForestRegressor,137803.90706722974,132270.033274132,139910.24590400397,133219.52153167423,129821.054328354,133357.07871428574,127871.99226950352,120061.59880392154,137918.91401315795,128336.34356589147
Fitted RandomForestRegressor,138164.99490416812,132067.68498861944,137506.09301802,133018.39993894342,129962.81799459977,133357.07871428574,127871.99226950352,129812.98580508473,130134.92354651165,128336.34356589147
Fitted RandomForestRegressor,112895.9715121049,109380.66694003275,110549.72119169988,109416.55623460074,110723.38123069116,112563.64571428571,109722.5969871795,108857.14577464788,106548.40924242424,106256.10533980581
Fitted RandomForestRegressor,112874.76806891587,108055.55888860652,109800.89716582287,107902.56386663756,106244.53458940366,112563.64571428571,109722.5969871795,103122.90554945054,106548.40924242424,106256.10533980581
Fitted RandomForestRegressor,128327.97271446198,124319.4281713665,125157.86913175939,124505.15601636957,119703.275360831,118553.69836607145,117787.29157407406,119654.77584210526,118075.63653761064,117485.70647286819
Fitted RandomForestRegressor,129756.35617523707,124066.41185688999,126159.68233021397,124713.30161804016,122952.54708222469,118553.69836607145,127871.99226950352,119654.77584210526,130134.92354651165,117485.70647286819
Fitted RandomForestRegressor,128001.33336746112,128432.55987512614,129216.24784615176,129306.19370731998,126296.57177242894,127372.1862643678,127871.99226950352,129812.98580508473,130134.92354651165,128336.34356589147
Fitted RandomForestRegressor,131925.64517068426,130749.70893310015,131926.67907760304,131094.87492377625,128462.58919196537,133768.4245,127871.99226950352,129812.98580508473,137918.91401315795,128336.34356589147
Fitted RandomForestRegressor,132171.64549472253,129288.71759847453,131902.36300546827,129769.57431565766,132686.8170457849,133768.4245,127871.99226950352,129812.98580508473,137918.91401315795,128336.34356589147
Fitted RandomForestRegressor,120564.7296270873,109873.54871173255,120112.46487478714,109011.98110236446,116192.33493423442,115389.03381578947,109722.5969871795,121190.00714999999,120950.44321428571,112372.76615384615
Fitted RandomForestRegressor,114899.45783084523,107696.39421173945,114569.56612551586,107423.8636301757,111710.42153582419,115389.03381578947,109722.5969871795,111478.56068181817,120950.44321428571,112372.76615384615
Fitted RandomForestRegressor,133751.12081339327,130043.59919837749,132362.7862295139,129783.39186730265,125846.56670063491,133357.07871428574,127871.99226950352,129812.98580508473,130134.92354651165,128336.34356589147
Fitted RandomForestRegressor,131584.9101197338,124781.60215508158,126870.50703028742,125115.94047098048,125619.24872701001,118553.69836607145,117787.29157407406,129035.90548611109,130134.92354651165,117485.70647286819
Fitted RandomForestRegressor,132946.1503110259,126215.61419660866,130769.15638492836,126704.0831167847,127109.94823676004,133357.07871428574,127871.99226950352,129812.98580508473,130134.92354651165,128336.34356589147
Fitted RandomForestRegressor,121132.39591536895,120710.56411302138,123964.19280606293,122773.10585802425,123537.87798717259,118553.69836607145,127871.99226950352,129035.90548611109,130134.92354651165,117485.70647286819
Fitted RandomForestRegressor,130785.20495730206,126216.75516298499,129564.63638077251,126612.79178194613,125117.36263337471,133357.07871428574,127871.99226950352,129812.98580508473,130134.92354651165,128336.34356589147
Fitted RandomForestRegressor,113029.03721215295,110155.60594177527,112469.25590254494,110417.62118972007,107935.683096442,112563.64571428571,109722.5969871795,108857.14577464788,106548.40924242424,106256.10533980581
Fitted RandomForestRegressor,107305.93317909847,105120.4530914769,107763.77015077914,105282.72776619293,99914.26751471592,105077.6931553398,109722.5969871795,96891.51676923077,106548.40924242424,106256.10533980581
Fitted RandomForestRegressor,141776.77022967837,144845.35316022602,142208.76794058355,143973.78129816154,127067.59972111582,133768.4245,145886.81863636366,120061.59880392154,137918.91401315795,141767.8383088235
Fitted RandomForestRegressor,135351.16024777986,134566.4967579429,137013.77436943675,134525.95011618815,131822.14455219367,133357.07871428574,131938.2975423729,129812.98580508473,130134.92354651165,135434.81589449543
Fitted RandomForestRegressor,134858.93601726872,137101.43070743055,136438.33542218426,137015.03151374587,132107.5079288073,133768.4245,137579.88412568308,129812.98580508473,137918.91401315795,135434.81589449543
Fitted RandomForestRegressor,132951.49963864608,134949.7490995355,134680.20587821063,134881.81188012715,132600.57794217096,133768.4245,137579.88412568308,129812.98580508473,137918.91401315795,135434.81589449543
Fitted RandomForestRegressor,139899.62879189852,139255.0058996598,139998.10965205706,139514.8066659417,132974.38514805198,137912.8589453125,137579.88412568308,129812.98580508473,137918.91401315795,135434.81589449543
Fitted RandomForestRegressor,122969.24062856467,125094.51987832013,124776.95300627287,124940.99882588869,122214.42977542279,120866.92017857142,122797.0730597015,121190.00714999999,120950.44321428571,119785.0307857143
Fitted RandomForestRegressor,122526.07348419818,124406.35232306943,124228.7939878896,124124.68266549007,121989.44480816612,120866.92017857142,122797.0730597015,121190.00714999999,125196.71035714286,127003.61736842104
Fitted RandomForestRegressor,140990.79021704386,139576.68874591315,140427.63891617674,138777.8111428477,134867.5259908336,137912.8589453125,137579.88412568308,135316.7766044776,137918.91401315795,141767.8383088235
Fitted RandomForestRegressor,139745.02093203907,138869.32345374668,139047.5977957237,138626.4494142399,133256.022673633,133357.07871428574,131938.2975423729,135316.7766044776,130134.92354651165,135434.81589449543
Fitted RandomForestRegressor,140573.4840389875,138670.19371240702,140908.03125968293,138531.19434832127,137559.61078237082,133357.07871428574,131938.2975423729,138453.6679357798,130134.92354651165,135434.81589449543
Fitted RandomForestRegressor,139875.02444582817,137325.67532715184,140145.73499290805,137150.4661510806,136341.53114161734,133357.07871428574,131938.2975423729,138453.6679357798,130134.92354651165,135434.81589449543
Fitted RandomForestRegressor,141138.02404439464,139245.05879118218,140691.36864715014,139038.4078216696,138671.78878553037,133357.07871428574,131938.2975423729,138453.6679357798,130134.92354651165,135434.81589449543
Fitted RandomForestRegressor,118300.94643568849,119858.30568777237,118774.35411942583,120088.79741371934,119329.35766621074,112563.64571428571,116033.652890625,116125.00093750001,116033.652890625,114033.26166666667
Fitted RandomForestRegressor,111728.4627074836,115249.91300286978,114800.0648432956,115053.45040861116,113037.36757820974,115389.03381578947,116033.652890625,103122.90554945054,116033.652890625,119785.0307857143
Fitted RandomForestRegressor,123461.91291747539,124426.9440522972,127076.30595966462,125090.89488786188,122657.08360137056,118553.69836607145,131938.2975423729,119654.77584210526,130134.92354651165,129246.31974358973
Fitted RandomForestRegressor,123457.94479937345,129892.87808670144,127208.22503814973,129575.00271027214,123627.803723316,118553.69836607145,131938.2975423729,119654.77584210526,130134.92354651165,129246.31974358973
Fitted RandomForestRegressor,132003.91997916182,134538.5924494244,133565.71096876,134018.99837526717,131037.86154402167,133768.4245,137579.88412568308,129812.98580508473,137918.91401315795,135434.81589449543
Fitted RandomForestRegressor,139784.77516249483,139283.13063341237,139752.55730394702,138627.27932063508,126688.55390751675,133357.07871428574,131938.2975423729,129812.98580508473,130134.92354651165,135434.81589449543
Fitted RandomForestRegressor,131704.58896633764,133362.76218772575,131271.19394802183,133028.64575632056,125871.72573757003,118553.69836607145,131938.2975423729,129035.90548611109,130134.92354651165,129246.31974358973
Fitted RandomForestRegressor,106615.78610165202,116601.5169893777,112812.71377233388,116668.74425202202,107058.06464947038,105077.6931553398,116033.652890625,108857.14577464788,116033.652890625,114033.26166666667
Fitted RandomForestRegressor,126012.71105409354,126579.90584768135,125635.95684003246,126222.10755301145,111789.49903574196,120866.92017857142,122797.0730597015,111478.56068181817,125196.71035714286,127003.61736842104
Fitted RandomForestRegressor,141735.14587596437,140685.67295512478,141165.62805478956,140331.80076163853,131453.50755157293,137912.8589453125,137579.88412568308,129812.98580508473,137918.91401315795,135434.81589449543
Fitted RandomForestRegressor,133906.5978857747,137283.75107751956,135389.9384983229,136670.11530552438,134414.9694062021,133768.4245,137579.88412568308,138453.6679357798,137918.91401315795,135434.81589449543
Fitted RandomForestRegressor,133618.65253732057,135273.81833654936,134002.13554009362,135338.20111128874,132202.53672614953,133768.4245,137579.88412568308,129812.98580508473,137918.91401315795,135434.81589449543
Fitted RandomForestRegressor,132755.65500437497,135072.2654541906,133656.2397315139,134778.99845307937,130903.65010227496,127372.1862643678,131938.2975423729,129812.98580508473,130134.92354651165,135434.81589449543
Fitted RandomForestRegressor,139643.79635726416,140116.73446615736,139947.45641024414,139634.75520166566,134017.70532888907,137912.8589453125,137579.88412568308,135316.7766044776,137918.91401315795,135434.81589449543
Fitted RandomForestRegressor,123396.73922361145,124796.73332766177,125063.88858319235,125145.02168924187,122981.85750820501,120866.92017857142,122797.0730597015,121190.00714999999,120950.44321428571,119785.0307857143
Fitted RandomForestRegressor,124540.73246229674,125554.15117674606,126042.493636627,125686.57130336761,123901.00302721089,120866.92017857142,122797.0730597015,121190.00714999999,125196.71035714286,127003.61736842104
Fitted RandomForestRegressor,141834.45260896056,139146.0517599097,140590.1122871962,139031.03122799215,137008.71326012205,133357.07871428574,131938.2975423729,135316.7766044776,130134.92354651165,135434.81589449543
Fitted RandomForestRegressor,140621.06882438908,140844.83517424687,139525.95922405805,140516.68871398506,139658.9624309966,133357.07871428574,131938.2975423729,138453.6679357798,130134.92354651165,135434.81589449543
Fitted RandomForestRegressor,128827.32644222658,130591.86494074002,129491.00113346294,130543.55529633159,131096.82149161765,127372.1862643678,131938.2975423729,129035.90548611109,130134.92354651165,129246.31974358973
Fitted RandomForestRegressor,133174.40626357115,136665.74305195568,135068.39601757893,136254.95661520242,134444.45909054184,133768.4245,137579.88412568308,135316.7766044776,137918.91401315795,135434.81589449543
Fitted RandomForestRegressor,146128.1637614785,147219.12923272548,145290.5176359707,146956.89655869032,143038.89336517104,145400.83833333335,145886.81863636366,135316.7766044776,137918.91401315795,141767.8383088235
Fitted RandomForestRegressor,118220.71730126602,121099.13749867605,120834.5367531241,120904.54629633475,124825.67483188496,120866.92017857142,116033.652890625,121190.00714999999,116033.652890625,119785.0307857143
Fitted RandomForestRegressor,120698.2909481564,121079.34842663059,121379.04677074675,120963.57251601052,121831.96354142735,120866.92017857142,122797.0730597015,121190.00714999999,125196.71035714286,121382.12888888888
Fitted RandomForestRegressor,138828.02946518574,136863.01608456022,137806.8023190054,137530.87855337257,134064.60990664392,137912.8589453125,137579.88412568308,135316.7766044776,137918.91401315795,135434.81589449543
Fitted RandomForestRegressor,138684.19866725378,139057.62002004174,138417.86985492508,138851.3423435781,140617.4060261379,133768.4245,137579.88412568308,145671.24673076926,137918.91401315795,141767.8383088235
Fitted RandomForestRegressor,136121.8130599226,136105.47575645547,134721.40401448827,135535.33287876647,137521.82577388946,133357.07871428574,131938.2975423729,138453.6679357798,130134.92354651165,135434.81589449543
Fitted RandomForestRegressor,132418.74981772824,131734.33672076633,132090.19148285958,131257.01741549195,134544.28861271281,133357.07871428574,131938.2975423729,129035.90548611109,130134.92354651165,129246.31974358973
Fitted RandomForestRegressor,131913.22190362733,131249.83108393193,130971.19264285304,131229.3778832585,133338.68672384805,133357.07871428574,131938.2975423729,135316.7766044776,130134.92354651165,135434.81589449543
Fitted RandomForestRegressor,126239.83160932985,126074.93110156842,125677.65711876263,126062.06843813088,125669.62672236294,120866.92017857142,122797.0730597015,121190.00714999999,125196.71035714286,127003.61736842104
Fitted RandomForestRegressor,116967.29674023745,118198.58877893761,117091.1252631044,117987.51892091813,119707.74896100574,120866.92017857142,122797.0730597015,121190.00714999999,120950.44321428571,119785.0307857143
Fitted RandomForestRegressor,133010.77494286525,133978.66966044006,132586.16285952178,133825.61650492708,133169.33470547874,133357.07871428574,137579.88412568308,135316.7766044776,137918.91401315795,135434.81589449543
Fitted RandomForestRegressor,138223.021469925,139351.60214364514,138892.9875160972,138894.9315041415,136509.39847583248,137912.8589453125,137579.88412568308,135316.7766044776,137918.91401315795,135434.81589449543
Fitted RandomForestRegressor,136365.08590389063,138364.88535474858,137333.71776709953,137609.18693614018,135840.61283494573,133357.07871428574,137579.88412568308,135316.7766044776,137918.91401315795,135434.81589449543
Fitted RandomForestRegressor,143796.49738557774,143104.1383197119,142987.23446768257,144178.8676546908,141704.9634365925,145400.83833333335,145886.81863636366,135316.7766044776,137918.91401315795,141767.8383088235
Fitted RandomForestRegressor,140200.8666548276,140941.4176396986,141035.08793671173,140751.2981229721,142142.81839741822,137912.8589453125,137579.88412568308,138453.6679357798,137918.91401315795,141767.8383088235
Fitted RandomForestRegressor,125879.75101876081,126326.16595829715,126053.73823702021,126431.06945341574,127561.60361605043,120866.92017857142,122797.0730597015,121190.00714999999,125196.71035714286,127003.61736842104
Fitted RandomForestRegressor,116663.92532712253,117134.42086247532,116698.31720778445,116869.87924094572,118730.42249668618,120866.92017857142,116033.652890625,121190.00714999999,116033.652890625,119785.0307857143
Fitted RandomForestRegressor,139878.8874073722,138702.2589500904,138024.63987822016,138809.44299005534,135199.7684383956,137912.8589453125,137579.88412568308,135316.7766044776,137918.91401315795,135434.81589449543
Fitted RandomForestRegressor,137759.42272763164,137941.9354546255,138333.18778347294,138037.36916069887,139314.96314770903,137912.8589453125,137579.88412568308,135316.7766044776,137918.91401315795,135434.81589449543
Fitted RandomForestRegressor,137382.98968736327,136022.66853172015,137132.28602914617,137069.65502020912,138766.10061804106,137912.8589453125,137579.88412568308,138453.6679357798,137918.91401315795,135434.81589449543
Fitted RandomForestRegressor,139275.19436294446,139261.63608499645,138563.77176825757,139253.91623827151,141940.12948880202,137912.8589453125,137579.88412568308,145671.24673076926,137918.91401315795,141767.8383088235
Fitted RandomForestRegressor,138328.6320929013,139299.32243173552,139571.16056686078,138905.86813116889,141036.77487597038,137912.8589453125,137579.88412568308,138453.6679357798,137918.91401315795,135434.81589449543
Fitted RandomForestRegressor,125389.39697577439,125668.51077822055,125431.3123203355,126182.61407972807,125828.43186576155,120866.92017857142,122797.0730597015,121190.00714999999,125196.71035714286,127003.61736842104
Fitted RandomForestRegressor,125478.73343972383,123620.98364429807,123426.0867422006,123745.01453838316,125026.88553424904,120866.92017857142,122797.0730597015,121190.00714999999,125196.71035714286,127003.61736842104
Fitted RandomForestRegressor,139986.9302083467,138682.57390270339,138403.08811270935,139051.2028336298,136814.171036125,137912.8589453125,137579.88412568308,135316.7766044776,137918.91401315795,135434.81589449543
Fitted RandomForestRegressor,132538.64062481548,132825.45790489382,131882.6460914981,132947.74366935433,134215.20764740658,127372.1862643678,131938.2975423729,135316.7766044776,130134.92354651165,135434.81589449543
Fitted RandomForestRegressor,129757.90694166355,131950.74651705025,129431.18546627373,132361.10210128783,132214.64480484786,133357.07871428574,131938.2975423729,135316.7766044776,130134.92354651165,135434.81589449543
Fitted RandomForestRegressor,135403.61638460757,136886.28648048142,136931.7603514222,137115.35042747765,135122.12553268275,137912.8589453125,137579.88412568308,135316.7766044776,137918.91401315795,135434.81589449543
Fitted RandomForestRegressor,132722.81715266907,134808.50945719908,135075.4155686023,135386.4455185946,132138.89692307237,133357.07871428574,131938.2975423729,135316.7766044776,130134.92354651165,135434.81589449543
Fitted RandomForestRegressor,113530.19867193999,116317.76907992427,113968.00154451527,116300.77432331379,115671.1513786611,112563.64571428571,116033.652890625,116125.00093750001,116033.652890625,114033.26166666667
Fitted RandomForestRegressor,109219.04958338372,111305.02238472945,109277.65546377693,110882.01406906998,108072.4917624747,112563.64571428571,116033.652890625,103122.90554945054,116033.652890625,114033.26166666667
Fitted RandomForestRegressor,132250.2613006847,130627.420183774,130760.85927560319,130593.8602739713,125492.65878769498,133357.07871428574,131938.2975423729,129812.98580508473,130134.92354651165,135434.81589449543
Fitted RandomForestRegressor,146669.58162042024,147087.3998219423,145938.56541087304,146954.12051197296,137916.83088977417,145400.83833333335,145886.81863636366,129812.98580508473,137918.91401315795,141767.8383088235
Fitted RandomForestRegressor,145084.47350560522,145192.97361762507,144367.65063279582,145216.41749731527,145086.37442831718,145400.83833333335,145886.81863636366,145671.24673076926,137918.91401315795,141767.8383088235
Fitted RandomForestRegressor,138750.54970670395,139697.91861850617,140067.78017323036,139941.8870006113,138347.7928572678,137912.8589453125,137579.88412568308,138453.6679357798,137918.91401315795,141767.8383088235
Fitted RandomForestRegressor,140610.54425791593,141163.96309576006,141018.6182359496,141487.87387967287,139532.6935675065,137912.8589453125,137579.88412568308,138453.6679357798,137918.91401315795,141767.8383088235
Fitted RandomForestRegressor,117486.18100166917,120687.30181695748,120103.59287010018,120592.37955124499,123728.15464748735,120866.92017857142,116033.652890625,121190.00714999999,116033.652890625,119785.0307857143
Fitted RandomForestRegressor,111766.56029154839,115733.04839028513,111755.15837032191,115689.93850730035,116422.83024024911,120866.92017857142,116033.652890625,116125.00093750001,116033.652890625,119785.0307857143
Fitted RandomForestRegressor,131936.51018010045,136322.04849562567,135610.74995892766,135192.37185447445,132849.34418436143,133357.07871428574,137579.88412568308,135316.7766044776,137918.91401315795,135434.81589449543
Fitted RandomForestRegressor,137735.89566872385,136269.64402719546,135100.90290900783,135710.96030252345,133655.5428055016,133357.07871428574,131938.2975423729,135316.7766044776,130134.92354651165,135434.81589449543
Fitted RandomForestRegressor,128484.01804513995,128479.96999520667,128784.44676673505,128649.96747445995,132435.13457744243,127372.1862643678,131938.2975423729,135316.7766044776,130134.92354651165,135434.81589449543
Fitted RandomForestRegressor,122145.91363826297,124144.23024729088,124282.27398696385,123514.35840195113,124708.61995569691,118553.69836607145,131938.2975423729,129035.90548611109,130134.92354651165,129246.31974358973
Fitted RandomForestRegressor,123277.22175966534,126799.98084515063,123561.17808146823,126965.54793887271,121757.64417943741,118553.69836607145,131938.2975423729,119654.77584210526,130134.92354651165,129246.31974358973
Fitted RandomForestRegressor,112598.75418654774,117879.72650076341,116287.3885267993,117574.1194687937,114991.77993689696,120866.92017857142,116033.652890625,121190.00714999999,116033.652890625,119785.0307857143
Fitted RandomForestRegressor,113304.82000361175,114826.06767507354,113428.0283928011,114564.00626787158,109103.95198564621,115389.03381578947,116033.652890625,111478.56068181817,116033.652890625,119785.0307857143
Fitted RandomForestRegressor,125647.34892941588,125818.88613836862,127369.25695268862,125623.43402178561,124766.24852376452,121292.64705882354,131938.2975423729,129812.98580508473,130134.92354651165,135434.81589449543
Fitted RandomForestRegressor,124710.54922435188,127163.95816529662,126178.52278550874,127041.92324863838,122838.11619923328,121292.64705882354,131938.2975423729,119654.77584210526,130134.92354651165,129246.31974358973
Fitted RandomForestRegressor,135878.12534056566,136690.51899441754,137426.14825341624,136941.08516856443,129191.91292691715,133768.4245,137579.88412568308,129812.98580508473,137918.91401315795,141767.8383088235
Fitted RandomForestRegressor,128748.38480220654,131082.73621579085,130866.12825376494,130755.36815502156,129539.63619259889,127372.1862643678,131938.2975423729,129812.98580508473,130134.92354651165,135434.81589449543
Fitted RandomForestRegressor,132101.0405753375,136223.65286473147,135674.3450291774,136294.7039377461,127894.53318733176,137912.8589453125,137579.88412568308,129812.98580508473,137918.91401315795,135434.81589449543
Fitted RandomForestRegressor,125992.72348900074,125430.80873660007,125162.65660664864,125327.42777933458,120877.49910344095,120866.92017857142,122797.0730597015,121190.00714999999,125196.71035714286,121382.12888888888
Fitted RandomForestRegressor,124028.00761130381,121005.90069603898,121243.47135909341,120856.56415012627,121341.00979927907,120866.92017857142,122797.0730597015,121190.00714999999,125196.71035714286,121382.12888888888
Fitted RandomForestRegressor,135185.8755107141,137145.45140678246,136592.16842943896,136668.571431892,132790.7640836468,137912.8589453125,137579.88412568308,129812.98580508473,137918.91401315795,141767.8383088235
Fitted RandomForestRegressor,137217.5410318395,136879.5028447225,138104.60890348788,137661.9428905081,138080.03040894042,137912.8589453125,137579.88412568308,135316.7766044776,137918.91401315795,135434.81589449543
Fitted RandomForestRegressor,131704.46702242093,134013.5723427831,134629.76840660733,134521.84070462338,135681.85465559526,137912.8589453125,137579.88412568308,138453.6679357798,137918.91401315795,135434.81589449543
Fitted RandomForestRegressor,122862.73891563574,126267.59608692091,124172.7194923285,126361.56287188012,128636.35337399354,118553.69836607145,131938.2975423729,129035.90548611109,118075.63653761064,129246.31974358973
Fitted RandomForestRegressor,118347.36443203129,127136.07805596065,123362.69233937972,127361.24326877335,121337.95552095369,118553.69836607145,131938.2975423729,119654.77584210526,130134.92354651165,129246.31974358973
Fitted RandomForestRegressor,101372.86041534967,112793.56783152238,107489.0461664812,112487.4605955346,104710.87449424839,101087.08575471699,116033.652890625,103122.90554945054,116033.652890625,114033.26166666667
Fitted RandomForestRegressor,103975.68263452446,113186.94538209235,106281.27298435647,113051.6499026811,98916.74737325385,105077.6931553398,116033.652890625,96891.51676923077,116033.652890625,114033.26166666667
Fitted RandomForestRegressor,135849.92273475442,138477.75844372925,138612.0291788178,138134.3483521892,125532.18347789742,137912.8589453125,137579.88412568308,120061.59880392154,137918.91401315795,141767.8383088235
Fitted RandomForestRegressor,127985.43464797635,129673.53751323259,128507.62079765556,129590.06017763619,123387.20519160542,133357.07871428574,127871.99226950352,120061.59880392154,127176.52972972974,128336.34356589147
Fitted RandomForestRegressor,122969.14312938614,122757.65745025799,123525.64539407368,123070.84042940759,117642.9874767491,118553.69836607145,117787.29157407406,120061.59880392154,118075.63653761064,117485.70647286819
Fitted RandomForestRegressor,119736.65962050298,121518.92116457042,122227.29066028424,121880.87244709383,115296.82830805473,118553.69836607145,117787.29157407406,113281.63774193548,118075.63653761064,117485.70647286819
Fitted RandomForestRegressor,123114.49774556831,123282.20344243803,124947.17931868538,123522.91275731732,114321.35019745333,121292.64705882354,127871.99226950352,113281.63774193548,127176.52972972974,117485.70647286819
Fitted RandomForestRegressor,99942.25786657883,105241.79197308366,106395.54448259431,105612.27774150352,102667.452661127,101087.08575471699,109722.5969871795,103122.90554945054,107191.16788461538,106256.10533980581
Fitted RandomForestRegressor,107139.48377442831,107436.88921665726,108259.40586279743,107844.73423591348,101615.96670714534,107899.9278125,109722.5969871795,103122.90554945054,107191.16788461538,106256.10533980581
Fitted RandomForestRegressor,119054.33469761637,121790.27693696182,121555.28878051929,121953.11883252201,110087.4804479166,118553.69836607145,117787.29157407406,113281.63774193548,118075.63653761064,117485.70647286819
Fitted RandomForestRegressor,122747.05072240869,123037.29807917439,124060.95302794332,123989.47693066401,112603.92367938081,118553.69836607145,117337.57774336282,113281.63774193548,118075.63653761064,117485.70647286819
Fitted RandomForestRegressor,126794.47713960003,129223.78961677685,129249.59801083017,129917.10527497929,111883.48304322523,133357.07871428574,127871.99226950352,113281.63774193548,127176.52972972974,128336.34356589147
Fitted RandomForestRegressor,122501.79000366504,122548.94810483258,122835.2479379167,123020.82430456304,109740.52099136778,118553.69836607145,117787.29157407406,113281.63774193548,118075.63653761064,117485.70647286819
Fitted RandomForestRegressor,120189.5760631296,122141.21995182168,122579.7783509842,122500.76653763055,110341.7843926723,118553.69836607145,117787.29157407406,113281.63774193548,118075.63653761064,117485.70647286819
Fitted RandomForestRegressor,107251.80418512513,103409.52913788195,105024.41458120561,103893.1622861439,100187.35458780976,105077.6931553398,102246.16544444444,103122.90554945054,107191.16788461538,106256.10533980581
Fitted RandomForestRegressor,99660.74344179424,102737.71149309253,105028.23855574123,103527.94458937332,98946.96333646575,101087.08575471699,109722.5969871795,103122.90554945054,107191.16788461538,106256.10533980581
Fitted RandomForestRegressor,121645.75244292725,123391.71457398275,124416.87173502032,123766.84487415156,108305.83520381259,113461.95272727273,127871.99226950352,113281.63774193548,127176.52972972974,128336.34356589147
Fitted RandomForestRegressor,124956.33431367192,128805.74999604674,127727.17541133634,128467.06113491055,109908.01243861772,119631.08166666667,127871.99226950352,113281.63774193548,127176.52972972974,128336.34356589147
Fitted RandomForestRegressor,123147.64468904633,123209.85255344889,122930.3684171596,123383.85598239383,110826.46728133848,118553.69836607145,117787.29157407406,113281.63774193548,118075.63653761064,117485.70647286819
Fitted RandomForestRegressor,126821.93479367676,128385.81682914018,129120.00631840642,129065.16833392477,109470.38599091314,127372.1862643678,127871.99226950352,113281.63774193548,127176.52972972974,128336.34356589147
Fitted RandomForestRegressor,123276.28874232249,123199.14035203602,123888.25282016833,123842.42388739515,112033.98397013001,118553.69836607145,117787.29157407406,113281.63774193548,127176.52972972974,117485.70647286819
Fitted RandomForestRegressor,102807.45626307199,105320.49856762117,106476.9987867706,105723.23089349529,98446.82492563057,101087.08575471699,109722.5969871795,103122.90554945054,103209.69968749999,106256.10533980581
Fitted RandomForestRegressor,103168.79989902987,101721.53761766464,101575.62537099663,101574.36215660466,93351.79255069898,101087.08575471699,104721.92142857143,96891.51676923077,107191.16788461538,100528.67309523809
Fitted RandomForestRegressor,124060.1023963344,123199.90474913121,124838.22878370441,123974.25214970525,107919.04752543924,118553.69836607145,117337.57774336282,113281.63774193548,118075.63653761064,117485.70647286819
Fitted RandomForestRegressor,119141.55490415852,121637.34454958882,122246.82464563742,122034.75166118212,108968.0014462518,118553.69836607145,117787.29157407406,113281.63774193548,127176.52972972974,117485.70647286819
Fitted RandomForestRegressor,124152.42290367605,129245.45410084963,128542.46003006853,129622.06504013581,109758.29099560702,121292.64705882354,127871.99226950352,113281.63774193548,127176.52972972974,128336.34356589147
Fitted RandomForestRegressor,128000.05927741263,128702.93922793698,129099.40319156206,128992.44922484575,112010.105258575,133357.07871428574,127871.99226950352,113281.63774193548,127176.52972972974,128336.34356589147
Fitted RandomForestRegressor,140684.13473150146,132632.89879709986,131627.54075876263,132005.4892790971,114414.6261958998,145400.83833333335,127871.99226950352,113281.63774193548,127176.52972972974,128336.34356589147
Fitted RandomForestRegressor,114357.73629365455,110929.15688915858,112800.14151407342,110062.15107045068,113820.63246462139,107899.9278125,109722.5969871795,121190.00714999999,112423.92305555556,112372.76615384615
Fitted RandomForestRegressor,112632.49048970199,109181.80204876122,111925.66108199328,108645.50009967826,103791.66685221496,107899.9278125,109722.5969871795,111478.56068181817,112423.92305555556,112372.76615384615
Fitted RandomForestRegressor,131326.99659817448,128973.11623953676,128897.38639054833,128088.84628098393,116836.85323357955,137912.8589453125,127871.99226950352,113281.63774193548,127176.52972972974,128336.34356589147
Fitted RandomForestRegressor,123258.00060824044,123535.83002325066,123516.94991744547,123718.86085397955,115071.78781714171,118553.69836607145,117787.29157407406,120061.59880392154,118075.63653761064,117485.70647286819
Fitted RandomForestRegressor,121890.93090582486,123103.9843918984,123711.73511161421,123572.11744894287,115222.2617564552,118553.69836607145,117787.29157407406,120061.59880392154,118075.63653761064,117485.70647286819
Fitted RandomForestRegressor,121194.50196392335,120850.58066510892,121115.00675825175,121071.04275396408,114523.19289729139,118553.69836607145,117787.29157407406,113281.63774193548,118075.63653761064,117485.70647286819
Fitted RandomForestRegressor,117082.2965524883,118007.41925695773,116557.59126090862,118433.25730821938,110642.05925425957,118553.69836607145,117787.29157407406,113281.63774193548,118075.63653761064,118023.6421656051
Fitted RandomForestRegressor,104937.96718720485,105500.43285417609,106841.82283458013,106390.39192340302,95446.12944712122,106759.34975,104721.92142857143,96891.51676923077,105277.04051470588,105943.7078125
Fitted RandomForestRegressor,105207.96266488443,103021.40388905638,104959.98639754068,102926.09386338897,93617.26643312474,105077.6931553398,102246.16544444444,96891.51676923077,98166.33625,99308.98813829786
Fitted RandomForestRegressor,135979.43851521076,121325.8986957187,124871.89424072317,122185.64934932912,111715.8485807164,133768.4245,116434.51387931034,113281.63774193548,116382.41826086957,117305.58122448981
Fitted RandomForestRegressor,136446.5363504579,118119.41151426527,121598.89479770008,118528.84889374765,113935.60278681332,133768.4245,116434.51387931034,113281.63774193548,116382.41826086957,117305.58122448981
